Workbook

Sheet CATEGORIES
A1: Category | B1: DefaultMethod | C1: UsefulLifeYears | D1: GL_DepExp | E1: GL_AccumDep
A2: IT Equipment | B2: SL | C2: 3 | D2: 610100 | E2: 120100
A3: Furniture | B3: SL | C3: 5 | D3: 610200 | E3: 120200
A4: Machinery | B4: DDB | C4: 8 | D4: 610300 | E4: 120300
A5: Vehicles | B5: DDB | C5: 5 | D5: 610400 | E5: 120400
A6: Buildings | B6: SL | C6: 25 | D6: 610500 | E6: 120500
A7: Intangibles | B7: SL | C7: 4 | D7: 610600 | E7: 120600
A8: Generators | B8: UOP | C8: 7 | D8: 610700 | E8: 120700

Sheet LOCATIONS
A1: Location | B1: City | C1: Latitude | D1: Longitude
A2: Cairo HQ | B2: Cairo | C2: 30.0444 | D2: 31.2357
A3: Giza Plant | B3: Giza | C3: 30.0131 | D3: 31.2089
A4: Alexandria DC | B4: Alexandria | C4: 31.2001 | D4: 29.9187
A5: Mansoura Branch | B5: Mansoura | C5: 31.0409 | D5: 31.3785
A6: Tanta Office | B6: Tanta | C6: 30.7943 | D6: 31.0033

Sheet USERS
A1: UserID | B1: FullName | C1: Role
A2: U-100 | B2: Mina Fahmy | C2: Accountant
A3: U-101 | B3: Ali Hassan | C3: Asset Manager
A4: U-102 | B4: Sara Nabil | C4: Technician
A5: U-103 | B5: Mark Adel | C5: Technician
A6: U-104 | B6: Lina Samir | C6: CFO

Sheet ASSETS
A1: AssetCode | B1: AssetName | C1: Category | D1: Cost | E1: Salvage | F1: AcquiredDate | G1: InServiceDate | H1: Method | I1: UsefulLifeYears | J1: LifeUnits | K1: Location | L1: Status | M1: DepreciableBase | N1: LifeMonths | O1: MonthsInService | P1: Period
A2: AST-00001 | B2: IT Equipment #1 | C2: IT Equipment | D2: 444712 | E2: 24655.37 | F2: 2022-05-29 | G2: 2022-06-26 | H2: SL | I2: 3 | J2: 0 | K2: Alexandria DC | L2: Active | M2: =D2-E2 -> 420056.63 | N2: =I2*12 -> 36 | O2: =DATEDIF(G2, TODAY(), "M") -> 40 | P2: =TEXT(G2,"YYYYMM") -> 202206
A3: AST-00002 | B3: IT Equipment #2 | C3: IT Equipment | D3: 187624 | E3: 7709.14 | F3: 2016-05-13 | G3: 2016-07-06 | H3: DDB | I3: 3 | J3: 0 | K3: Mansoura Branch | L3: Disposed | M3: =D3-E3 -> 179914.86 | N3: =I3*12 -> 36 | O3: =DATEDIF(G3, TODAY(), "M") -> 112 | P3: =TEXT(G3,"YYYYMM") -> 201607
A4: AST-00003 | B4: IT Equipment #3 | C4: IT Equipment | D4: 8290 | E4: 572.03 | F4: 2020-10-22 | G4: 2020-10-30 | H4: DDB | I4: 3 | J4: 0 | K4: Tanta Office | L4: Active | M4: =D4-E4 -> 7717.97 | N4: =I4*12 -> 36 | O4: =DATEDIF(G4, TODAY(), "M") -> 60 | P4: =TEXT(G4,"YYYYMM") -> 202010
A5: AST-00004 | B5: IT Equipment #4 | C5: IT Equipment | D5: 168772 | E5: 12477.43 | F5: 2021-05-30 | G5: 2021-06-29 | H5: DDB | I5: 3 | J5: 0 | K5: Cairo HQ | L5: Active | M5: =D5-E5 -> 156294.57 | N5: =I5*12 -> 36 | O5: =DATEDIF(G5, TODAY(), "M") -> 52 | P5: =TEXT(G5,"YYYYMM") -> 202106
A6: AST-00005 | B6: IT Equipment #5 | C6: IT Equipment | D6: 373813 | E6: 30367.25 | F6: 2022-06-25 | G6: 2022-07-25 | H6: SL | I6: 3 | J6: 0 | K6: Mansoura Branch | L6: Disposed | M6: =D6-E6 -> 343445.75 | N6: =I6*12 -> 36 | O6: =DATEDIF(G6, TODAY(), "M") -> 39 | P6: =TEXT(G6,"YYYYMM") -> 202207
A7: AST-00006 | B7: IT Equipment #6 | C7: IT Equipment | D7: 214622 | E7: 6249.52 | F7: 2016-03-01 | G7: 2016-03-12 | H7: DDB | I7: 3 | J7: 0 | K7: Mansoura Branch | L7: Active | M7: =D7-E7 -> 208372.48 | N7: =I7*12 -> 36 | O7: =DATEDIF(G7, TODAY(), "M") -> 116 | P7: =TEXT(G7,"YYYYMM") -> 201603
A8: AST-00007 | B8: IT Equipment #7 | C8: IT Equipment | D8: 475976 | E8: 17095.06 | F8: 2018-04-24 | G8: 2018-04-29 | H8: DDB | I8: 3 | J8: 0 | K8: Mansoura Branch | L8: Active | M8: =D8-E8 -> 458880.94 | N8: =I8*12 -> 36 | O8: =DATEDIF(G8, TODAY(), "M") -> 90 | P8: =TEXT(G8,"YYYYMM") -> 201804
A9: AST-00008 | B9: IT Equipment #8 | C9: IT Equipment | D9: 476496 | E9: 21938.32 | F9: 2021-03-09 | G9: 2021-04-02 | H9: DDB | I9: 3 | J9: 0 | K9: Giza Plant | L9: Active | M9: =D9-E9 -> 454557.68 | N9: =I9*12 -> 36 | O9: =DATEDIF(G9, TODAY(), "M") -> 55 | P9: =TEXT(G9,"YYYYMM") -> 202104
A10: AST-00009 | B10: IT Equipment #9 | C10: IT Equipment | D10: 442052 | E10: 42234.03 | F10: 2021-07-05 | G10: 2021-08-28 | H10: SL | I10: 3 | J10: 0 | K10: Giza Plant | L10: Active | M10: =D10-E10 -> 399817.97 | N10: =I10*12 -> 36 | O10: =DATEDIF(G10, TODAY(), "M") -> 50 | P10: =TEXT(G10,"YYYYMM") -> 202108
A11: AST-00010 | B11: IT Equipment #10 | C11: IT Equipment | D11: 300755 | E11: 27737.59 | F11: 2019-02-10 | G11: 2019-03-27 | H11: SL | I11: 3 | J11: 0 | K11: Tanta Office | L11: Active | M11: =D11-E11 -> 273017.41 | N11: =I11*12 -> 36 | O11: =DATEDIF(G11, TODAY(), "M") -> 79 | P11: =TEXT(G11,"YYYYMM") -> 201903
A12: AST-00011 | B12: IT Equipment #11 | C12: IT Equipment | D12: 229692 | E12: 10670.93 | F12: 2023-04-30 | G12: 2023-05-14 | H12: SL | I12: 3 | J12: 0 | K12: Mansoura Branch | L12: Active | M12: =D12-E12 -> 219021.07 | N12: =I12*12 -> 36 | O12: =DATEDIF(G12, TODAY(), "M") -> 30 | P12: =TEXT(G12,"YYYYMM") -> 202305
A13: AST-00012 | B13: IT Equipment #12 | C13: IT Equipment | D13: 107416 | E13: 5124.58 | F13: 2017-10-18 | G13: 2017-11-19 | H13: SL | I13: 3 | J13: 0 | K13: Tanta Office | L13: Active | M13: =D13-E13 -> 102291.42 | N13: =I13*12 -> 36 | O13: =DATEDIF(G13, TODAY(), "M") -> 95 | P13: =TEXT(G13,"YYYYMM") -> 201711
... A211: AST-00210 | B211: Generators #210 | C211: Generators | D211: 55353 | E211: 3856.92 | F211: 2020-11-18 | G211: 2020-12-19 | H211: UOP | I211: 7 | J211: 39440 | K211: Tanta Office | L211: Active | M211: =D211-E211 -> 51496.08 | N211: =I211*12 -> 84 | O211: =DATEDIF(G211, TODAY(), "M") -> 58 | P211: =TEXT(G211,"YYYYMM") -> 202012

Sheet DISPOSALS
A1: AssetCode | B1: DisposedDate | C1: Proceeds | D1: GainLoss | E1: AccumDepUntilDisposal | F1: NBV_At_Disposal
A2: AST-00001 | B2: 2025-08-04 | C2: 411578.25 | D2: 7200.25 | E2: =SUMIFS(DEPRECIATION!$D:$D, DEPRECIATION!$B:$B,A2, DEPRECIATION!$A:$A,"<="&TEXT(B2,"YYYYMM")) -> 455061.35 | F2: =ABS(VLOOKUP(A2, ASSETS!$A:$D, 4, FALSE) - E2) -> 10349.349
A3: AST-00005 | B3: 2025-08-26 | C3: 167347.4 | D3: -158022.6 | E3: =SUMIFS(DEPRECIATION!$D:$D, DEPRECIATION!$B:$B,A3, DEPRECIATION!$A:$A,"<="&TEXT(B3,"YYYYMM")) -> 362526.07 | F3: =ABS(VLOOKUP(A3, ASSETS!$A:$D, 4, FALSE) - E3) -> 11286.931
A4: AST-00008 | B4: 2025-09-07 | C4: 292781.49 | D4: -83329.51 | E4: =SUMIFS(DEPRECIATION!$D:$D, DEPRECIATION!$B:$B,A4, DEPRECIATION!$A:$A,"<="&TEXT(B4,"YYYYMM")) -> 454739.66 | F4: =ABS(VLOOKUP(A4, ASSETS!$A:$D, 4, FALSE) - E4) -> 21756.335
A5: AST-00012 | B5: 2022-04-18 | C5: 219560.11 | D5: 13669.11 | E5: =SUMIFS(DEPRECIATION!$D:$D, DEPRECIATION!$B:$B,A5, DEPRECIATION!$A:$A,"<="&TEXT(B5,"YYYYMM")) -> 153437.13 | F5: =ABS(VLOOKUP(A5, ASSETS!$A:$D, 4, FALSE) - E5) -> 46021.13
A6: AST-00016 | B6: 2025-08-30 | C6: 353522.65 | D6: -6918.35 | E6: =SUMIFS(DEPRECIATION!$D:$D, DEPRECIATION!$B:$B,A6, DEPRECIATION!$A:$A,"<="&TEXT(B6,"YYYYMM")) -> 579744.19 | F6: =ABS(VLOOKUP(A6, ASSETS!$A:$D, 4, FALSE) - E6) -> 271789.19
A7: AST-00018 | B7: 2020-09-16 | C7: 205579.47 | D7: -90082.53 | E7: =SUMIFS(DEPRECIATION!$D:$D, DEPRECIATION!$B:$B,A7, DEPRECIATION!$A:$A,"<="&TEXT(B7,"YYYYMM")) -> 196848.04 | F7: =ABS(VLOOKUP(A7, ASSETS!$A:$D, 4, FALSE) - E7) -> 131272.96
A8: AST-00020 | B8: 2024-08-15 | C8: 97167.23 | D8: 9613.23 | E8: =SUMIFS(DEPRECIATION!$D:$D, DEPRECIATION!$B:$B,A8, DEPRECIATION!$A:$A,"<="&TEXT(B8,"YYYYMM")) -> 647903.19 | F8: =ABS(VLOOKUP(A8, ASSETS!$A:$D, 4, FALSE) - E8) -> 169582.19
A9: AST-00021 | B9: 2025-08-18 | C9: 133229.1 | D9: 507.1 | E9: =SUMIFS(DEPRECIATION!$D:$D, DEPRECIATION!$B:$B,A9, DEPRECIATION!$A:$A,"<="&TEXT(B9,"YYYYMM")) -> 652318.24 | F9: =ABS(VLOOKUP(A9, ASSETS!$A:$D, 4, FALSE) - E9) -> 432199.24
A10: AST-00022 | B10: 2023-03-31 | C10: 366562.06 | D10: -25194.94 | E10: =SUMIFS(DEPRECIATION!$D:$D, DEPRECIATION!$B:$B,A10, DEPRECIATION!$A:$A,"<="&TEXT(B10,"YYYYMM")) -> 37461.283 | F10: =ABS(VLOOKUP(A10, ASSETS!$A:$D, 4, FALSE) - E10) -> 10660.717
A11: AST-00026 | B11: 2023-03-30 | C11: 360383.56 | D11: -25250.44 | E11: =SUMIFS(DEPRECIATION!$D:$D, DEPRECIATION!$B:$B,A11, DEPRECIATION!$A:$A,"<="&TEXT(B11,"YYYYMM")) -> 113779.11 | F11: =ABS(VLOOKUP(A11, ASSETS!$A:$D, 4, FALSE) - E11) -> 11330.892
A12: AST-00027 | B12: 2025-09-16 | C12: 44398.31 | D12: -24260.69 | E12: =SUMIFS(DEPRECIATION!$D:$D, DEPRECIATION!$B:$B,A12, DEPRECIATION!$A:$A,"<="&TEXT(B12,"YYYYMM")) -> 753877.79 | F12: =ABS(VLOOKUP(A12, ASSETS!$A:$D, 4, FALSE) - E12) -> 260188.79
A13: AST-00029 | B13: 2025-09-14 | C13: 166264.04 | D13: 12997.04 | E13: =SUMIFS(DEPRECIATION!$D:$D, DEPRECIATION!$B:$B,A13, DEPRECIATION!$A:$A,"<="&TEXT(B13,"YYYYMM")) -> 27876.803 | F13: =ABS(VLOOKUP(A13, ASSETS!$A:$D, 4, FALSE) - E13) -> 12588.197
... A59: AST-00119 | B59: 2025-07-07 | C59: 349192.89 | D59: -61262.11 | E59: =SUMIFS(DEPRECIATION!$D:$D, DEPRECIATION!$B:$B,A59, DEPRECIATION!$A:$A,"<="&TEXT(B59,"YYYYMM")) -> 123525.67 | F59: =ABS(VLOOKUP(A59, ASSETS!$A:$D, 4, FALSE) - E59) -> 6131.673

Sheet UNITS_HISTORY
A1: AssetCode | B1: Period_YYYYMM | C1: Units
A2: AST-00001 | B2: 202302 | C2: 201
A3: AST-00001 | B3: 202303 | C3: 320
A4: AST-00001 | B4: 202304 | C4: 110
A5: AST-00001 | B5: 202305 | C5: 318
A6: AST-00001 | B6: 202306 | C6: 460
A7: AST-00001 | B7: 202307 | C7: 120
A8: AST-00001 | B8: 202308 | C8: 467
A9: AST-00001 | B9: 202309 | C9: 231
A10: AST-00001 | B10: 202310 | C10: 300
A11: AST-00001 | B11: 202311 | C11: 158
A12: AST-00001 | B12: 202312 | C12: 237
A13: AST-00001 | B13: 202401 | C13: 405
... A913: AST-00119 | B913: 202410 | C913: 388

Sheet insurance 
A1: AssetCode | B1: Insurer | C1: PolicyStart | D1: PolicyEnd | E1: WarrantyIncluded
A2: AST-00001 | B2: AXA | C2: 2023-02-24 | D2: 2025-12-30 | E2: No
A3: AST-00002 | B3: Allianz | C3: 2023-10-28 | D3: 2025-10-26 | E3: No
A4: AST-00003 | B4: Allianz | C4: 2019-02-20 | D4: 2020-06-02 | E4: Yes
A5: AST-00004 | B5: Orient | C5: 2024-02-15 | D5: 2025-02-23 | E5: Yes
A6: AST-00005 | B6: Orient | C6: 2023-03-01 | D6: 2025-08-20 | E6: Yes
A7: AST-00006 | B7: Misr Insurance | C7: 2018-04-02 | D7: 2020-10-11 | E7: Yes
A8: AST-00007 | B8: Misr Insurance | C8: 2020-03-20 | D8: 2022-04-02 | E8: Yes
A9: AST-00008 | B9: Orient | C9: 2021-09-28 | D9: 2023-05-13 | E9: Yes
A10: AST-00009 | B10: Allianz | C10: 2023-11-27 | D10: 2025-05-21 | E10: No
A11: AST-00010 | B11: Delta | C11: 2019-01-14 | D11: 2021-12-21 | E11: Yes
A12: AST-00011 | B12: Allianz | C12: 2020-12-06 | D12: 2022-02-08 | E12: Yes
... A121: AST-00120 | B121: AXA | C121: 2024-10-27 | D121: 2026-08-06 | E121: Yes

Sheet JOURNAL_ENTRIES
A1: Asset Code | B1: Date | C1: DebitAccount | D1: CreditAccount | E1: Amount | F1: Memo | G1: Accumulated Depreciation | H1: Asset Cost
A2: =RIGHT(F2,9) -> AST-00001 | B2: 2024-01-25 | C2: 610100 | D2: 120100 | E2: 13037.81 | F2: Monthly depreciation for AST-00001 | G2: =VLOOKUP(A2,DISPOSALS!$A:$E,5,FALSE) -> 455061.35 | H2: =VLOOKUP(A2,ASSETS!$A:$D,4,FALSE) -> 444712
A3: =RIGHT(F3,9) -> AST-00002 | B3: 2024-09-27 | C3: 610100 | D3: 120100 | E3: 11128.01 | F3: Monthly depreciation for AST-00002 | G3: =IFERROR(VLOOKUP(A3,DISPOSALS!$A:$E,5,FALSE),0) -> 0 | H3: =VLOOKUP(A3,ASSETS!$A:$D,4,FALSE) -> 187624
A4: =RIGHT(F4,9) -> AST-00003 | B4: 2020-01-21 | C4: 610100 | D4: 120100 | E4: 7348.1 | F4: Monthly depreciation for AST-00003 | G4: =IFERROR(VLOOKUP(A4,DISPOSALS!$A:$E,5,FALSE),0) -> 0 | H4: =VLOOKUP(A4,ASSETS!$A:$D,4,FALSE) -> 8290
A5: =RIGHT(F5,9) -> AST-00004 | B5: 2025-01-15 | C5: 610100 | D5: 120100 | E5: 7160.08 | F5: Monthly depreciation for AST-00004 | G5: =IFERROR(VLOOKUP(A5,DISPOSALS!$A:$E,5,FALSE),0) -> 0 | H5: =VLOOKUP(A5,ASSETS!$A:$D,4,FALSE) -> 168772
A6: =RIGHT(F6,9) -> AST-00005 | B6: 2024-01-30 | C6: 610100 | D6: 120100 | E6: 13748.42 | F6: Monthly depreciation for AST-00005 | G6: =IFERROR(VLOOKUP(A6,DISPOSALS!$A:$E,5,FALSE),0) -> 362526.07 | H6: =VLOOKUP(A6,ASSETS!$A:$D,4,FALSE) -> 373813
A7: =RIGHT(F7,9) -> AST-00006 | B7: 2019-03-03 | C7: 610100 | D7: 120100 | E7: 6234.3 | F7: Monthly depreciation for AST-00006 | G7: =IFERROR(VLOOKUP(A7,DISPOSALS!$A:$E,5,FALSE),0) -> 0 | H7: =VLOOKUP(A7,ASSETS!$A:$D,4,FALSE) -> 214622
A8: =RIGHT(F8,9) -> AST-00007 | B8: 2021-02-18 | C8: 610100 | D8: 120100 | E8: 1468.87 | F8: Monthly depreciation for AST-00007 | G8: =IFERROR(VLOOKUP(A8,DISPOSALS!$A:$E,5,FALSE),0) -> 0 | H8: =VLOOKUP(A8,ASSETS!$A:$D,4,FALSE) -> 475976
A9: =RIGHT(F9,9) -> AST-00008 | B9: 2022-08-29 | C9: 610100 | D9: 120100 | E9: 9512.57 | F9: Monthly depreciation for AST-00008 | G9: =IFERROR(VLOOKUP(A9,DISPOSALS!$A:$E,5,FALSE),0) -> 454739.66 | H9: =VLOOKUP(A9,ASSETS!$A:$D,4,FALSE) -> 476496
A10: =RIGHT(F10,9) -> AST-00009 | B10: 2024-10-27 | C10: 610100 | D10: 120100 | E10: 13159.4 | F10: Monthly depreciation for AST-00009 | G10: =IFERROR(VLOOKUP(A10,DISPOSALS!$A:$E,5,FALSE),0) -> 0 | H10: =VLOOKUP(A10,ASSETS!$A:$D,4,FALSE) -> 442052
A11: =RIGHT(F11,9) -> AST-00010 | B11: 2019-12-15 | C11: 610100 | D11: 120100 | E11: 16036.21 | F11: Monthly depreciation for AST-00010 | G11: =IFERROR(VLOOKUP(A11,DISPOSALS!$A:$E,5,FALSE),0) -> 0 | H11: =VLOOKUP(A11,ASSETS!$A:$D,4,FALSE) -> 300755
A12: =RIGHT(F12,9) -> AST-00011 | B12: 2021-11-06 | C12: 610100 | D12: 120100 | E12: 18902.56 | F12: Monthly depreciation for AST-00011 | G12: =IFERROR(VLOOKUP(A12,DISPOSALS!$A:$E,5,FALSE),0) -> 0 | H12: =VLOOKUP(A12,ASSETS!$A:$D,4,FALSE) -> 229692
A13: =RIGHT(F13,9) -> AST-00012 | B13: 2019-05-02 | C13: 610100 | D13: 120100 | E13: 5557.57 | F13: Monthly depreciation for AST-00012 | G13: =IFERROR(VLOOKUP(A13,DISPOSALS!$A:$E,5,FALSE),0) -> 153437.13 | H13: =VLOOKUP(A13,ASSETS!$A:$D,4,FALSE) -> 107416
A14: =RIGHT(F14,9) -> AST-00013 | B14: 2023-06-29 | C14: 610100 | D14: 120100 | E14: 1726.7 | F14: Monthly depreciation for AST-00013 | G14: =IFERROR(VLOOKUP(A14,DISPOSALS!$A:$E,5,FALSE),0) -> 0 | H14: =VLOOKUP(A14,ASSETS!$A:$D,4,FALSE) -> 41145
... A121: =RIGHT(F121,9) -> AST-00120 | B121: 2025-09-27 | C121: 610100 | D121: 120100 | E121: 15482.47 | F121: Monthly depreciation for AST-00120 | G121: =IFERROR(VLOOKUP(A121,DISPOSALS!$A:$E,5,FALSE),0) -> 0 | H121: =VLOOKUP(A121,ASSETS!$A:$D,4,FALSE) -> 252748

Sheet DEPRECIATION
A1: Period | B1: AssetCode | C1: Category | D1: MonthlyDep | E1: AccumDep | F1: NBV
A2: 202206 | B2: AST-00001 | C2: IT Equipment | D2: 11668.24 | E2: 11668.24 | F2: 433043.76
A3: 202207 | B3: AST-00001 | C3: IT Equipment | D3: 11668.24 | E3: 23336.479 | F3: 421375.52
A4: 202208 | B4: AST-00001 | C4: IT Equipment | D4: 11668.24 | E4: 35004.719 | F4: 409707.28
A5: 202209 | B5: AST-00001 | C5: IT Equipment | D5: 11668.24 | E5: 46672.959 | F5: 398039.04
A6: 202210 | B6: AST-00001 | C6: IT Equipment | D6: 11668.24 | E6: 58341.199 | F6: 386370.8
A7: 202211 | B7: AST-00001 | C7: IT Equipment | D7: 11668.24 | E7: 70009.438 | F7: 374702.56
A8: 202212 | B8: AST-00001 | C8: IT Equipment | D8: 11668.24 | E8: 81677.678 | F8: 363034.32
A9: 202301 | B9: AST-00001 | C9: IT Equipment | D9: 11668.24 | E9: 93345.918 | F9: 351366.08
A10: 202302 | B10: AST-00001 | C10: IT Equipment | D10: 11668.24 | E10: 105014.16 | F10: 339697.84
A11: 202303 | B11: AST-00001 | C11: IT Equipment | D11: 11668.24 | E11: 116682.4 | F11: 328029.6
A12: 202304 | B12: AST-00001 | C12: IT Equipment | D12: 11668.24 | E12: 128350.64 | F12: 316361.36
A13: 202305 | B13: AST-00001 | C13: IT Equipment | D13: 11668.24 | E13: 140018.88 | F13: 304693.12
... A13734: 202510 | B13734: AST-00210 | C13734: Generators | D13734: 347.44408 | E13734: 35265.293 | F13734: 20087.707

Sheet MAINTENANCE
A1: MaintenanceID | B1: AssetCode | C1: MaintenanceDate | D1: TechnicianID | E1: TechnicianName | F1: Cost
A2: MNT-AST-00001-202407 | B2: AST-00001 | C2: 2024-07-31 | D2: U-102 | E2: Sara Nabil | F2: 308.67
A3: MNT-AST-00002-201711 | B3: AST-00002 | C3: 2017-11-05 | D3: U-103 | E3: Mark Adel | F3: 1628.51
A4: MNT-AST-00002-201711 | B4: AST-00002 | C4: 2017-11-03 | D4: U-102 | E4: Sara Nabil | F4: 436.89
A5: MNT-AST-00002-201611 | B5: AST-00002 | C5: 2016-11-08 | D5: U-103 | E5: Mark Adel | F5: 653.78
A6: MNT-AST-00003-202012 | B6: AST-00003 | C6: 2020-12-27 | D6: U-103 | E6: Mark Adel | F6: 843.99
A7: MNT-AST-00003-202112 | B7: AST-00003 | C7: 2021-12-29 | D7: U-102 | E7: Sara Nabil | F7: 485.25
A8: MNT-AST-00004-202206 | B8: AST-00004 | C8: 2022-06-10 | D8: U-102 | E8: Sara Nabil | F8: 671.03
A9: MNT-AST-00004-202109 | B9: AST-00004 | C9: 2021-09-12 | D9: U-102 | E9: Sara Nabil | F9: 1115.32
A10: MNT-AST-00004-202112 | B10: AST-00004 | C10: 2021-12-04 | D10: U-102 | E10: Sara Nabil | F10: 570.74
A11: MNT-AST-00006-201804 | B11: AST-00006 | C11: 2018-04-29 | D11: U-103 | E11: Mark Adel | F11: 977.63
A12: MNT-AST-00006-201801 | B12: AST-00006 | C12: 2018-01-12 | D12: U-102 | E12: Sara Nabil | F12: 1124.25
A13: MNT-AST-00006-201712 | B13: AST-00006 | C13: 2017-12-18 | D13: U-103 | E13: Mark Adel | F13: 1977.68
... A416: MNT-AST-00210-202112 | B416: AST-00210 | C416: 2021-12-18 | D416: U-102 | E416: Sara Nabil | F416: 945.09

Sheet SUMMARY
A1: AsOfDate | B1: TotalCost | C1: TotalAccumDep | D1: TotalNBV | E1: ActiveAssets | F1: DisposedAssets
A2: 2025-10-31 | B2: 56168740 | C2: 38173118 | D2: 17995622 | E2: 183 | F2: 27
